sweep_id,carbon_price_aud_per_tco2e,tns_price_aud_per_tco2,year,cost_per_mwh_excl_fuel_carbon,co2_t_per_mwh,co2e_total_t_per_mwh,gj_per_mwh_coal,gj_per_mwh_diesel,gj_per_mwh_natural_gas,gj_per_mwh_biomass,annual_generation_twh,solve_gap_rel,solve_pinf_rel,solve_dinf_rel,solve_iterations,solve_wall_s,solve_model_status,tolerance_robust,carried_capex_aud_per_yr,carried_vintages,carried_gw,existing_fleet_fom_aud_per_yr,existing_fleet_active_gw,renewable_share_pct_bulk_grid,diagnostic_cost_per_mwh_year_t_incremental,diagnostic_bundled_cost_per_mwh,diagnostic_fuel_cost_per_mwh,diagnostic_carbon_cost_per_mwh
c0,0.0,0.0,2030,13.19097505848131,0.2696378053678976,0.2704678587181935,2.900028597203318,2.8983232772803865e-07,0.0916502236530796,0.0180158271160572,189.817959898235,0.117,0.000757,0.000791,126,4324.23728049919,Optimal,True,0.0,0,0.0,972440133.9577162,86.98530875400189,73.13850826941785,8.067960700519293,20.48192201050945,12.413961309990157,0.0
c0,0.0,0.0,2035,18.05776566825536,0.1407759036603487,0.1433860007209081,1.3322859798083844,3.018038209350784e-07,0.3776173600504707,1.2265949808434686,219.33623201088184,0.178,0.0103,0.00389,191,6896.749731600285,Optimal,False,803336822.4797968,1,10.31548117843213,599981213.3492097,80.82613324559657,82.5629183985966,11.659743677253964,21.957660241774114,10.297916564520149,0.0
c0,0.0,0.0,2040,23.515278488109303,0.1132551759651708,0.1184224171896529,0.949489397370464,1.0906917664173812e-06,0.5169897548239406,2.6911558351534035,239.3949206418274,0.761,0.000718,0.000111,145,5466.47302830033,Optimal,True,2730456412.612981,2,27.12520772647792,556479391.0353671,77.80627264157114,84.21567235500835,9.785096599387764,21.39606019150557,11.610963592117802,0.0
c0,0.0,0.0,2045,26.3169364759745,0.0737950559336072,0.0801323641471304,0.5394704642626403,1.0194851563867725e-06,0.4707523766336156,3.40150430221278,247.15810128266003,0.537,0.000637,5.42e-05,139,4792.754779098555,Optimal,True,4484552298.736223,3,37.489232596546486,391097523.31274873,70.81097828507713,88.8404303004193,6.590090393462395,16.734139728975705,10.14404933551331,0.0
c0,0.0,0.0,2050,30.51096838746765,0.0435611034774631,0.050905125501455,0.2327536581315307,4.671170873558097e-07,0.439948712664506,4.017204434676716,251.92536408431025,0.0759,0.00952,2.28,192,5012.698711400852,Optimal,False,5730712037.690594,4,44.48474682250041,245265194.80059817,63.54258841481793,91.39556978960702,6.789747405164134,15.867277905363784,9.07753050019965,0.0
c40,40.0,0.0,2030,19.381762615322696,0.1314582791878566,0.1336867071266155,1.3980454237265918,3.293631921505312e-06,0.0651656880579192,1.0178703916858265,189.817959898235,0.738,0.00169,0.000112,117,4275.193421199918,Optimal,True,0.0,0,0.0,820751380.9511201,84.5121631794909,87.04306763045989,15.057875763988184,27.334902952009983,6.929558902957178,5.347468285064622
c40,40.0,0.0,2035,22.6170495320524,0.0802319426591721,0.0839475222493382,0.7566769168312363,1.932201446439084e-06,0.2173587063959784,1.9354345845004064,219.33623201088184,0.624,0.00271,0.000195,131,10045.82325970009,Optimal,True,2195340142.129799,1,19.27279988723204,588440886.6045679,80.46901485494092,90.0254074779943,9.92520649630509,19.988508507135176,6.705401120856556,3.357900889973528
c40,40.0,0.0,2040,27.75435045386936,0.0674093691408696,0.0734062267663698,0.5565408317566419,1.7268743607631651e-06,0.3204299468400138,3.223419000199793,239.3949206418274,0.686,0.00121,0.000117,128,7858.295356400311,Optimal,True,3719836164.973924,2,31.47693262789673,536408833.0648994,77.36659039550621,90.46783758636955,9.97517207102122,21.03301210862796,8.121590966951945,2.9362490706547923
c40,40.0,0.0,2045,29.47912806855909,0.0481860571025956,0.0549832935614534,0.3390612283075083,5.896853866788346e-07,0.3301827885118986,3.698302064553737,247.15810128266003,0.458,0.00295,0.0004,142,9264.5975981988,Optimal,True,5535781349.401003,3,42.22504899336224,368141560.6920868,70.42953326812501,92.45467595753176,5.591896052072913,15.64641347466369,7.85518568013264,2.199331742458137
c40,40.0,0.0,2050,32.40158078694962,0.0314400714543882,0.0388448825818118,0.1433378458112226,4.558857895940706e-07,0.360696269411582,4.068622102285359,251.92536408431025,0.0541,0.00781,2.19,205,8672.381838100031,Optimal,False,6532229525.830923,4,47.96125542784444,210671318.300126,63.18646721816755,93.34419462491736,5.636110511100595,14.990005425116912,7.800099610743842,1.5537953032724752
c80,80.0,0.0,2030,22.09170011365024,0.0959321861825838,0.0978639576331413,0.9964577152294236,5.288834810016502e-07,0.0893946555430238,0.9128502705683194,189.817959898235,0.124,0.00444,0.000472,141,10347.88544490002,Optimal,True,0.0,0,0.0,756365141.2291962,83.62287319488573,90.2260444338688,18.107013197645568,31.56605113982622,5.629921331529345,7.829116610651311
c80,80.0,0.0,2035,24.511999718547106,0.0618503254106878,0.065327667437983,0.5531125759188356,1.8292939569848563e-06,0.2205260367192459,1.832749222731756,219.33623201088184,0.404,0.000405,0.000709,140,10018.045443700626,Optimal,True,2679973418.4458685,1,24.19072380004401,561366841.5618914,79.92457109920628,91.8311705826008,9.73404793971401,20.920664313262527,5.960402978509876,5.226213395038641
c80,80.0,0.0,2040,29.4575455071758,0.0512412649550204,0.0569553209536541,0.3886067027562063,1.4656222069540586e-07,0.3032474292482793,3.092123805159482,239.3949206418274,0.0807,0.0144,0.00239,248,10508.85897460021,Optimal,False,4154208252.057981,2,35.79236844142542,469544841.9153396,76.42713158884881,92.27567937823396,10.143213016006593,21.961808163398537,7.2621694710996145,4.5564256762923305
c80,80.0,0.0,2045,31.748267435081,0.033619801635286,0.0404026043223561,0.205887155651312,5.689709785326972e-07,0.2844735344285299,3.714259329518618,247.15810128266003,0.547,0.0041,0.00274,135,4946.226848499849,Optimal,True,6039500192.388977,3,46.97806245208561,333152763.6475525,69.94319157566503,94.175188310795,5.964556834599788,16.03206609274496,6.835300912356681,3.232208345788489
c80,80.0,0.0,2050,33.98660076881022,0.0231596067826364,0.0304305563199481,0.0719427999396844,2.6141290232159665e-07,0.3246143019298839,4.006380242756014,251.92536408431025,0.0674,0.00898,2.24,186,4671.053529201075,Optimal,False,7149998628.864331,4,52.238366245306416,163608611.79716256,62.70074959620473,94.54520749860691,4.95575162329148,14.45170757802568,7.061511449138354,2.434444505595848
c150,150.0,0.0,2030,23.20440792500924,0.0177169087359209,0.0193648922664839,0.1102066266936994,7.009062323106896e-06,0.7045418793110938,0.889892834898631,189.817959898235,1.0,0.00166,0.000145,118,4296.497615199536,Optimal,True,0.0,0,0.0,417904769.56903255,78.60772531473334,91.15807344332252,21.002799764258384,34.22202475134333,10.314491147112353,2.904733839972598
c150,150.0,0.0,2035,25.726683591866973,0.0101368097904603,0.0134226281185959,0.0423126824496755,3.5522005698950334e-06,0.6350334793166397,1.8109196681607032,219.33623201088184,0.641,0.000259,3.08e-05,151,6860.0608530994505,Optimal,True,3398088144.5422726,1,30.992810576143835,358999311.2571337,76.372721695009,92.2357570329636,8.59733190494182,20.017114924276136,9.406388801544924,2.0133942177893904
c150,150.0,0.0,2040,30.99333762140727,0.008189438296779,0.0137087608689782,0.0219931797438758,1.4935505265692147e-06,0.5953771812953366,3.0546317846888176,239.3949206418274,0.766,0.00117,0.000143,167,6677.649494700134,Optimal,True,4765985570.583948,2,40.50902876651101,300159704.489455,74.05167489094205,92.8105250296788,9.831045366037506,21.726989797635017,9.839630301250772,2.05631413034674
c150,150.0,0.0,2045,32.93433105078394,0.0055939178773821,0.0121731301972301,9.339879055941216e-06,1.0540744597475055e-06,0.4656299478794919,3.647257778028529,247.15810128266003,0.324,0.00105,0.000295,160,5359.186801901087,Optimal,True,6672040337.45073,3,51.2361826002512,156958150.56167632,67.99544432854593,94.42871029965616,5.304249525750345,15.606878419019395,8.476659363684535,1.8259695295845144
c150,150.0,0.0,2050,35.43813776573745,0.0052276201657373,0.0123566623563346,5.577880801648628e-06,5.546012553939785e-07,0.420244519384413,3.9532335810131616,251.92536408431025,0.0783,0.00952,2.09,200,5252.119756700471,Optimal,False,7721020494.22917,4,56.07740648162796,80879727.25244349,61.84906682978396,94.91098387616678,4.469044003226898,14.34354427686191,8.021000920184813,1.853499353450201
c250,250.0,0.0,2030,23.59347120978106,0.0084990111558672,0.0101228843251842,0.0236417029093212,2.507624099379941e-05,0.7835641837976378,0.8900454390975595,189.817959898235,0.843,0.00173,0.000223,128,4791.334767699242,Optimal,True,0.0,0,0.0,360311939.6104373,77.42862022397749,91.21809220015712,21.69527390640889,35.25010186001812,11.02410687231318,2.5307210812960537
c250,250.0,0.0,2035,26.02186781255094,0.0054411058908449,0.0087079636078356,0.0045673017337581,3.1953329360169163e-06,0.6687837492125313,1.8072439884057665,219.33623201088184,0.599,0.000469,5.49e-05,174,11871.350990399718,Optimal,True,3614207153.360457,1,32.66710820213475,288471139.0718272,75.17013161865971,92.3168606443995,8.228736889071499,20.10497615654387,9.69924836551345,2.1769909019589204
c250,250.0,0.0,2040,31.708480430128265,0.0044821269407047,0.0099712473517435,0.0059945962270589,1.2561606794564687e-06,0.602469326841193,3.0431721817463684,239.3949206418274,0.761,0.00461,0.000242,143,30206.15605899878,Optimal,True,4978710238.338406,2,41.98848982992568,268580202.81003994,73.58595650650125,92.97851678270122,9.789508936997798,22.15433359929212,9.872012824358425,2.4928118379358954
c250,250.0,0.0,2045,33.62158307313587,0.0034677008820585,0.0099496326860371,2.1195896063438265e-06,6.877754534224143e-07,0.4767725908131965,3.596200687976925,247.15810128266003,0.152,0.00256,0.000293,143,4685.370670199394,Optimal,True,6926118462.675781,3,52.86090535542809,156193910.7363653,67.98466362338534,94.40771390249184,4.966595287352039,16.041913233547522,8.587909774686194,2.4874081715092893
c250,250.0,0.0,2050,35.8432029171422,0.0034146183487181,0.0104615662267047,3.6701170842919377e-07,8.407731961734608e-07,0.4408488418862244,3.910173097548027,251.92536408431025,0.0615,0.00781,2.14,196,4910.261216798797,Optimal,False,7901408603.08204,4,57.388722091974415,78016990.45556064,61.768286267968016,94.78049598680433,4.169434686059374,15.042286714149183,8.257460471413626,2.615391556676184
c350,350.0,0.0,2030,24.10798145407969,0.0067156063952326,0.008329891877356,0.0031367409058522,3.215172732505448e-05,0.7938875217019068,0.887365319570292,189.817959898235,1.08,0.00267,0.000484,131,9822.222046200186,Optimal,True,0.0,0,0.0,365483677.6200249,77.4919368495511,91.32589204904411,22.18253837263488,36.177663399600746,11.079662869891257,2.915462157074617
c350,350.0,0.0,2035,26.467643290822604,0.0046863999640522,0.0079238716705737,0.0008686904944402,2.589658728739344e-06,0.6493603489133627,1.79200436701847,219.33623201088184,0.666,0.0003,7.65e-05,157,17797.704812999815,Optimal,True,3709080453.64258,1,33.548875078933435,269036400.92260486,74.79742070123854,92.55594046610128,8.3305721006518,20.53355811983565,9.429630934483026,2.773355084700824
c350,350.0,0.0,2040,32.15172880310577,0.0039122610381442,0.0093673509840911,0.0030179712375841,1.364008019993135e-06,0.5868328549349514,3.02508753931281,239.3949206418274,0.823,0.00567,0.00134,158,9431.870615599675,Optimal,True,5095561311.250887,2,43.0296047473392,260321375.95297468,73.47265680967641,93.19390728078048,9.77914598955014,22.70460391847877,9.646885084496748,3.278572844431886
c350,350.0,0.0,2045,34.14413534635298,0.0030814904511594,0.0095312650607195,1.175581380609026e-06,1.1669595055179314e-06,0.4591601756527615,3.5788782096830234,247.15810128266003,0.605,0.00168,0.000202,140,8454.959503499791,Optimal,True,7049495677.7048855,3,53.98017581883528,149776705.57488897,67.89669067947213,94.6009147678758,5.015928154607348,16.69900977528546,8.347138849426278,3.335942771251834
c350,350.0,0.0,2050,36.27112077250422,0.0030220298654129,0.0100190492281851,1.496768313983991e-07,8.606467123375089e-07,0.4325691652564642,3.882986660379579,251.92536408431025,0.0583,0.00863,2.12,190,5039.301580298692,Optimal,False,8043194926.485844,4,58.55651612033514,75542498.8127007,61.697586196600575,94.8857248626544,4.044364031243748,15.684020266301363,8.132989005192814,3.506667229864803
c550,550.0,0.0,2030,24.758965626045,0.0053269059127419,0.0069177222367283,0.0013983197165666,5.195984632112864e-05,0.7678102584546715,0.8762887958519401,189.817959898235,0.923,0.00221,0.000157,132,4599.649257600308,Optimal,True,0.0,0,0.0,328272674.722998,76.94439730965706,91.62047164918702,23.02955775073651,37.556261219707885,10.721956238770808,3.8047472302005634
c550,550.0,0.0,2035,27.25656298835098,0.0039993599013171,0.0072021023602242,0.0005825822479923,1.5272473380691322e-06,0.6162454559945106,1.7736777365926846,219.33623201088184,0.708,0.00493,0.00046,169,5999.772082800046,Optimal,True,3908350482.074647,1,35.432202969535524,251032549.46797976,74.4061162230233,92.90941927220592,8.293061183796095,21.250453884204823,8.996236402285415,3.961156298123315
c550,550.0,0.0,2040,32.74929049338812,0.003410356869632,0.0088259432179763,0.0010061204058724,1.0996083396667656e-06,0.5635544816767009,3.003860183992017,239.3949206418274,0.786,0.00374,0.000378,180,6448.1574538983405,Optimal,True,5296757670.853663,2,44.6912942205342,245946718.388852,73.27590858941895,93.47196946160987,9.596316427011525,23.77398548271448,9.32340028581597,4.854268769886979
c550,550.0,0.0,2045,34.91674301757983,0.0026750042753198,0.008977198151671,4.3288334681928373e-07,1.2679306767494406e-06,0.4397642133430821,3.497460072468889,247.15810128266003,0.682,0.00183,0.000201,149,4984.745882298797,Optimal,True,7221538160.966134,3,55.30515761537664,144113976.26234034,67.819081820983,94.81172231067085,5.11536447079768,18.093536605147825,8.04071315093106,4.937458983419086
c550,550.0,0.0,2050,36.87531518808464,0.0025844777687127,0.0094899912829274,1.287607599366264e-07,8.971075695638056e-07,0.4253940696295116,3.832764880646668,251.92536408431025,0.0677,0.00586,2.12,181,4786.584768101573,Optimal,False,8208192323.204049,4,59.8878483475135,69613224.18314779,61.52817664702904,94.96827199362502,4.017148732812926,17.244120430726866,8.007476492303867,5.219495205610073
